,Player,Nation,Pos,Age,MP,Min,Gls,Ast,PK,CrdY,CrdR,GlsxMin,AstxMin,G+AxMin,Season
0,Quim,pt POR,GK,31,30,2639.0,0.0,0.0,0.0,1.0,1.0,0.0,0.0,0.0,2007
1,Rui Costa,pt POR,MF,35,29,2382.0,5.0,5.0,0.0,6.0,0.0,0.19,0.19,0.38,2007
2,Kostas Katsouranis,gr GRE,DFMF,28,27,2320.0,2.0,1.0,0.0,9.0,0.0,0.08,0.04,0.12,2007
3,Léo,br BRA,DF,32,27,2323.0,0.0,3.0,0.0,2.0,0.0,0.0,0.12,0.12,2007
4,Óscar Cardozo,py PAR,FW,24,29,2283.0,13.0,1.0,3.0,2.0,0.0,0.51,0.04,0.55,2007
5,Cristian Rodríguez,uy URU,MF,21,24,1940.0,6.0,4.0,0.0,3.0,0.0,0.28,0.19,0.46,2007
6,Maxi Pereira,uy URU,DF,23,23,1750.0,2.0,2.0,0.0,6.0,0.0,0.1,0.1,0.21,2007
7,Nuno Gomes,pt POR,FW,31,25,1570.0,7.0,0.0,1.0,2.0,0.0,0.4,0.0,0.4,2007
8,Luisão,br BRA,DF,26,19,1687.0,3.0,0.0,0.0,6.0,0.0,0.16,0.0,0.16,2007
9,Nélson Marcos,pt POR,DF,24,19,1506.0,0.0,1.0,0.0,2.0,1.0,0.0,0.06,0.06,2007
10,Petit,pt POR,MF,30,17,1407.0,1.0,2.0,0.0,5.0,0.0,0.06,0.13,0.19,2007
11,Edcarlos,br BRA,DF,22,16,1312.0,0.0,0.0,0.0,2.0,0.0,0.0,0.0,0.0,2007
12,Luís Filipe,pt POR,DFMF,28,19,1316.0,0.0,1.0,0.0,3.0,0.0,0.0,0.07,0.07,2007
13,Gilles Binya,cm CMR,MF,22,16,1221.0,0.0,0.0,0.0,8.0,1.0,0.0,0.0,0.0,2007
14,Ángel Di María,ar ARG,FWMF,19,26,1410.0,0.0,4.0,0.0,5.0,0.0,0.0,0.26,0.26,2007
15,Nuno Assis,pt POR,MF,29,17,713.0,1.0,0.0,0.0,4.0,0.0,0.13,0.0,0.13,2007
16,David Luiz,br BRA,DFMF,20,8,675.0,0.0,0.0,0.0,0.0,0.0,0.0,0.0,0.0,2007
17,László Sepsi,ro ROU,DF,20,7,216.0,0.0,1.0,0.0,1.0,0.0,0.0,0.42,0.42,2007
19,Ariza Makukula,pt POR,FW,26,3,120.0,0.0,0.0,0.0,0.0,0.0,0.0,0.0,0.0,2007
20,Fábio Coentrão,pt POR,DF,19,3,104.0,0.0,0.0,0.0,0.0,0.0,0.0,0.0,0.0,2007
21,Marco Zoro,ci CIV,DF,23,2,75.0,1.0,0.0,0.0,0.0,0.0,1.2,0.0,1.2,2007
22,Mantorras,ao ANG,FW,25,9,155.0,1.0,0.0,0.0,0.0,0.0,0.58,0.0,0.58,2007
23,Freddy Adu,us USA,FWMF,18,11,143.0,2.0,0.0,0.0,1.0,0.0,1.26,0.0,1.26,2007
24,Hans-Jörg Butt,de GER,GK,33,1,61.0,0.0,0.0,0.0,0.0,0.0,0.0,0.0,0.0,2007
25,Gonzalo Bergessio,ar ARG,FW,23,3,60.0,0.0,0.0,0.0,0.0,0.0,0.0,0.0,0.0,2007
26,Romeu Ribeiro,pt POR,MF,18,5,55.0,0.0,0.0,0.0,1.0,0.0,0.0,0.0,0.0,2007
27,Andrés Díaz,ar ARG,MF,24,1,1.0,0.0,0.0,0.0,0.0,0.0,0.0,0.0,0.0,2007
0,Maxi Pereira,uy URU,DF,24,28,2520.0,1.0,0.0,0.0,5.0,0.0,0.04,0.0,0.04,2008
1,Rúben Amorim,pt POR,MF,23,26,1883.0,2.0,2.0,0.0,5.0,0.0,0.1,0.1,0.19,2008
2,Sidnei,br BRA,DF,18,24,1993.0,3.0,0.0,0.0,1.0,0.0,0.14,0.0,0.14,2008
3,Óscar Cardozo,py PAR,FW,25,26,1893.0,17.0,3.0,4.0,1.0,0.0,0.81,0.14,0.95,2008
4,Luisão,br BRA,DF,27,21,1890.0,2.0,0.0,0.0,5.0,0.0,0.1,0.0,0.1,2008
5,Kostas Katsouranis,gr GRE,DFMF,29,24,1814.0,2.0,0.0,0.0,10.0,1.0,0.1,0.0,0.1,2008
6,José Antonio Reyes,es ESP,MF,24,24,1701.0,4.0,0.0,2.0,6.0,1.0,0.21,0.0,0.21,2008
7,Pablo Aimar,ar ARG,MF,28,22,1682.0,1.0,5.0,0.0,6.0,0.0,0.05,0.27,0.32,2008
8,Hassan Yebda,dz ALG,MF,24,25,1661.0,1.0,1.0,0.0,7.0,0.0,0.05,0.05,0.11,2008
9,David Luiz,br BRA,DFMF,21,19,1546.0,2.0,0.0,0.0,4.0,0.0,0.12,0.0,0.12,2008
10,Carlos Martins,pt POR,MF,26,24,1333.0,0.0,3.0,0.0,2.0,0.0,0.0,0.2,0.2,2008
11,Quim,pt POR,GK,32,16,1440.0,0.0,0.0,0.0,3.0,0.0,0.0,0.0,0.0,2008
12,Miguel Vítor,il ISR,DF,19,16,1359.0,0.0,0.0,0.0,5.0,1.0,0.0,0.0,0.0,2008
13,José Moreira,pt POR,GK,26,14,1260.0,0.0,0.0,0.0,2.0,0.0,0.0,0.0,0.0,2008
14,Jorge Ribeiro,pt POR,DFMF,26,15,1166.0,1.0,0.0,0.0,1.0,0.0,0.08,0.0,0.08,2008
15,Ángel Di María,ar ARG,FWMF,20,24,1241.0,2.0,1.0,0.0,2.0,0.0,0.15,0.07,0.22,2008
16,Nuno Gomes,pt POR,FW,32,24,1176.0,7.0,1.0,0.0,1.0,1.0,0.54,0.08,0.61,2008
17,David Suazo,hn HON,FW,28,12,905.0,4.0,7.0,0.0,2.0,0.0,0.4,0.7,1.09,2008
18,Jonathan Urretaviscaya,uy URU,FWMF,18,10,368.0,1.0,0.0,0.0,2.0,0.0,0.24,0.0,0.24,2008
19,Gilles Binya,cm CMR,MF,23,7,248.0,0.0,0.0,0.0,3.0,1.0,0.0,0.0,0.0,2008
20,Léo,br BRA,DF,33,2,157.0,0.0,0.0,0.0,0.0,0.0,0.0,0.0,0.0,2008
21,Javier Balboa,gq EQG,FWMF,23,10,156.0,0.0,1.0,0.0,0.0,0.0,0.0,0.58,0.58,2008
22,Mantorras,ao ANG,FW,26,5,68.0,2.0,0.0,0.0,0.0,0.0,2.65,0.0,2.65,2008
23,Fellipe Bastos,br BRA,MF,18,1,63.0,1.0,0.0,0.0,1.0,0.0,1.43,0.0,1.43,2008
0,Quim,pt POR,GK,33,30,2700.0,0.0,0.0,0.0,1.0,0.0,0.0,0.0,0.0,2009
1,David Luiz,br BRA,DFMF,22,29,2610.0,3.0,2.0,0.0,8.0,0.0,0.1,0.07,0.17,2009
2,Luisão,br BRA,DF,28,28,2520.0,4.0,1.0,0.0,7.0,0.0,0.14,0.04,0.18,2009
3,Óscar Cardozo,py PAR,FW,26,29,2403.0,26.0,6.0,6.0,4.0,1.0,0.97,0.22,1.2,2009
4,Ángel Di María,ar ARG,FWMF,21,26,2249.0,5.0,11.0,0.0,9.0,1.0,0.2,0.44,0.64,2009
5,Javi García,es ESP,DFMF,22,26,2218.0,3.0,2.0,0.0,9.0,0.0,0.12,0.08,0.2,2009
6,Javier Saviola,ar ARG,FW,27,27,2058.0,11.0,4.0,0.0,4.0,0.0,0.48,0.17,0.66,2009
7,Ramires,br BRA,MF,22,26,1945.0,4.0,3.0,0.0,2.0,0.0,0.19,0.14,0.32,2009
8,Maxi Pereira,uy URU,DF,25,25,1954.0,2.0,4.0,0.0,9.0,0.0,0.09,0.18,0.28,2009
9,Pablo Aimar,ar ARG,MF,29,25,1669.0,4.0,8.0,0.0,3.0,0.0,0.22,0.43,0.65,2009
10,Fábio Coentrão,pt POR,DF,21,26,1817.0,0.0,6.0,0.0,10.0,0.0,0.0,0.3,0.3,2009
11,Rúben Amorim,pt POR,MF,24,24,1374.0,3.0,0.0,0.0,4.0,0.0,0.2,0.0,0.2,2009
12,Carlos Martins,pt POR,MF,27,17,861.0,3.0,2.0,0.0,3.0,1.0,0.31,0.21,0.52,2009
13,César Peixoto,pt POR,DFMF,29,15,918.0,0.0,2.0,0.0,3.0,0.0,0.0,0.2,0.2,2009
14,José Shaffer,ar ARG,DF,23,4,333.0,0.0,0.0,0.0,0.0,0.0,0.0,0.0,0.0,2009
15,Weldon,br BRA,FW,28,12,408.0,5.0,0.0,0.0,0.0,0.0,1.1,0.0,1.1,2009
16,Sidnei,br BRA,DF,19,5,258.0,0.0,0.0,0.0,0.0,0.0,0.0,0.0,0.0,2009
17,Airton,br BRA,DFMF,19,4,234.0,0.0,0.0,0.0,0.0,0.0,0.0,0.0,0.0,2009
18,Éder Luís,br BRA,FWMF,24,6,215.0,1.0,0.0,0.0,0.0,0.0,0.42,0.0,0.42,2009
19,Nuno Gomes,pt POR,FW,33,13,222.0,3.0,0.0,0.0,0.0,0.0,1.22,0.0,1.22,2009
20,Keirrison,br BRA,FW,20,5,187.0,0.0,0.0,0.0,0.0,0.0,0.0,0.0,0.0,2009
21,Miguel Vítor,il ISR,DF,20,2,103.0,0.0,0.0,0.0,0.0,0.0,0.0,0.0,0.0,2009
22,Jonathan Urretaviscaya,uy URU,FWMF,19,1,65.0,0.0,0.0,0.0,0.0,0.0,0.0,0.0,0.0,2009
23,Felipe Menezes,br BRA,MF,21,5,138.0,0.0,0.0,0.0,0.0,0.0,0.0,0.0,0.0,2009
24,Alan Kardec,br BRA,FW,20,8,103.0,0.0,0.0,0.0,0.0,0.0,0.0,0.0,0.0,2009
25,Luís Filipe,pt POR,DFMF,30,1,25.0,0.0,0.0,0.0,0.0,0.0,0.0,0.0,0.0,2009
0,Roberto,es ESP,GK,24,25,2227.0,0.0,0.0,0.0,2.0,0.0,0.0,0.0,0.0,2010
1,Javi García,es ESP,DFMF,23,24,2088.0,2.0,1.0,0.0,8.0,1.0,0.09,0.04,0.13,2010
2,Javier Saviola,ar ARG,FW,28,24,1858.0,9.0,8.0,1.0,2.0,0.0,0.44,0.39,0.82,2010
3,Fábio Coentrão,pt POR,DF,22,23,2068.0,2.0,3.0,0.0,7.0,2.0,0.09,0.13,0.22,2010
4,Maxi Pereira,uy URU,DF,26,26,2044.0,0.0,3.0,0.0,11.0,0.0,0.0,0.13,0.13,2010
5,Luisão,br BRA,DF,29,23,2030.0,1.0,1.0,0.0,6.0,2.0,0.04,0.04,0.09,2010
6,Nicolás Gaitán,ar ARG,MF,22,26,1956.0,7.0,4.0,0.0,2.0,0.0,0.32,0.18,0.51,2010
7,Pablo Aimar,ar ARG,MF,30,23,1650.0,5.0,6.0,0.0,5.0,0.0,0.27,0.33,0.6,2010
8,Óscar Cardozo,py PAR,FW,27,22,1777.0,12.0,4.0,1.0,2.0,1.0,0.61,0.2,0.81,2010
9,David Luiz,br BRA,DFMF,23,16,1440.0,0.0,1.0,0.0,5.0,0.0,0.0,0.06,0.06,2010
10,Carlos Martins,pt POR,MF,28,25,1278.0,3.0,1.0,0.0,7.0,0.0,0.21,0.07,0.28,2010
11,Sidnei,br BRA,DF,20,16,1189.0,3.0,1.0,0.0,1.0,1.0,0.23,0.08,0.3,2010
12,Eduardo Salvio,ar ARG,FWMF,20,19,1166.0,4.0,3.0,0.0,4.0,0.0,0.31,0.23,0.54,2010
13,Franco Jara,ar ARG,FW,22,25,1013.0,6.0,1.0,0.0,3.0,0.0,0.53,0.09,0.62,2010
14,César Peixoto,pt POR,DFMF,30,16,899.0,0.0,0.0,0.0,4.0,0.0,0.0,0.0,0.0,2010
15,Alan Kardec,br BRA,FW,21,12,812.0,3.0,0.0,1.0,1.0,0.0,0.33,0.0,0.33,2010
16,Airton,br BRA,DFMF,20,15,756.0,0.0,0.0,0.0,4.0,0.0,0.0,0.0,0.0,2010
17,Rúben Amorim,pt POR,MF,25,11,675.0,0.0,0.0,0.0,3.0,0.0,0.0,0.0,0.0,2010
18,Lionel Carole,fr FRA,DFMF,19,6,491.0,0.0,0.0,0.0,0.0,0.0,0.0,0.0,0.0,2010
19,Jardel,br BRA,DF,24,8,487.0,0.0,0.0,0.0,2.0,1.0,0.0,0.0,0.0,2010
20,Roderick Miranda,pt POR,DF,19,5,380.0,0.0,0.0,0.0,1.0,0.0,0.0,0.0,0.0,2010
21,Felipe Menezes,br BRA,MF,22,7,295.0,0.0,0.0,0.0,1.0,0.0,0.0,0.0,0.0,2010
22,Júlio César,br BRA,GK,23,4,292.0,0.0,0.0,0.0,0.0,1.0,0.0,0.0,0.0,2010
23,Luís Filipe,pt POR,DFMF,31,3,245.0,0.0,0.0,0.0,1.0,0.0,0.0,0.0,0.0,2010
24,José Moreira,pt POR,GK,28,2,180.0,0.0,0.0,0.0,0.0,0.0,0.0,0.0,0.0,2010
25,José Luis Fernández,ar ARG,MF,22,2,83.0,0.0,0.0,0.0,0.0,0.0,0.0,0.0,0.0,2010
26,Nuno Gomes,pt POR,FW,34,5,57.0,4.0,0.0,0.0,0.0,0.0,6.32,0.0,6.32,2010
27,Weldon,br BRA,FW,29,4,36.0,0.0,0.0,0.0,0.0,0.0,0.0,0.0,0.0,2010
0,Artur Moraes,br BRA,GK,30,29,2610.0,0.0,0.0,0.0,3.0,0.0,0.0,0.0,0.0,2011
1,Óscar Cardozo,py PAR,FW,28,29,2474.0,20.0,4.0,5.0,5.0,2.0,0.73,0.15,0.87,2011
2,Luisão,br BRA,DF,30,25,2250.0,1.0,0.0,0.0,8.0,1.0,0.04,0.0,0.04,2011
3,Maxi Pereira,uy URU,DF,27,25,2244.0,0.0,2.0,0.0,11.0,0.0,0.0,0.08,0.08,2011
4,Axel Witsel,be BEL,DFMF,22,29,2281.0,1.0,3.0,1.0,5.0,0.0,0.04,0.12,0.16,2011
5,Ezequiel Garay,ar ARG,DF,24,24,2140.0,2.0,0.0,0.0,3.0,0.0,0.08,0.0,0.08,2011
6,Emerson,br BRA,DF,25,24,2093.0,0.0,1.0,0.0,6.0,1.0,0.0,0.04,0.04,2011
7,Javi García,es ESP,DFMF,24,22,1697.0,1.0,0.0,0.0,9.0,0.0,0.05,0.0,0.05,2011
8,Bruno César,br BRA,FWMF,22,26,1648.0,9.0,2.0,0.0,6.0,0.0,0.49,0.11,0.6,2011
9,Pablo Aimar,ar ARG,MF,31,24,1412.0,2.0,9.0,0.0,3.0,1.0,0.13,0.57,0.7,2011
10,Nolito,es ESP,FWMF,24,29,1624.0,11.0,7.0,0.0,5.0,0.0,0.61,0.39,1.0,2011
11,Nicolás Gaitán,ar ARG,MF,23,25,1550.0,3.0,7.0,0.0,1.0,0.0,0.17,0.41,0.58,2011
12,Rodrigo,es ESP,FWMF,20,22,1136.0,9.0,2.0,0.0,1.0,0.0,0.71,0.16,0.87,2011
13,Nemanja Matić,rs SRB,MF,22,16,862.0,1.0,0.0,0.0,6.0,0.0,0.1,0.0,0.1,2011
14,Jardel,br BRA,DF,25,10,900.0,0.0,0.0,0.0,1.0,0.0,0.0,0.0,0.0,2011
15,Javier Saviola,ar ARG,FW,29,18,819.0,4.0,5.0,0.0,2.0,0.0,0.44,0.55,0.99,2011
16,Joan Capdevila,es ESP,DF,33,5,450.0,1.0,0.0,0.0,2.0,0.0,0.2,0.0,0.2,2011
17,Rúben Amorim,pt POR,MF,26,6,292.0,0.0,0.0,0.0,2.0,0.0,0.0,0.0,0.0,2011
18,Nélson Oliveira,pt POR,FW,19,12,396.0,0.0,2.0,0.0,3.0,0.0,0.0,0.45,0.45,2011
19,Luís Martins,pt POR,DF,19,4,184.0,0.0,0.0,0.0,0.0,0.0,0.0,0.0,0.0,2011
20,Yannick Djaló,pt POR,FWMF,25,3,127.0,0.0,0.0,0.0,0.0,0.0,0.0,0.0,0.0,2011
21,Miguel Vítor,il ISR,DF,22,3,125.0,0.0,0.0,0.0,1.0,0.0,0.0,0.0,0.0,2011
22,Eduardo Carvalho,pt POR,GK,28,1,90.0,0.0,0.0,0.0,0.0,0.0,0.0,0.0,0.0,2011
23,Franco Jara,ar ARG,FW,23,1,90.0,0.0,1.0,0.0,0.0,0.0,0.0,1.0,1.0,2011
24,André Almeida,pt POR,DFMF,20,3,67.0,0.0,0.0,0.0,1.0,0.0,0.0,0.0,0.0,2011
25,Enzo Pérez,ar ARG,MF,25,3,52.0,0.0,0.0,0.0,0.0,0.0,0.0,0.0,0.0,2011
26,Rodrigo Mora,uy URU,FW,23,1,12.0,0.0,0.0,0.0,0.0,0.0,0.0,0.0,0.0,2011
0,Artur Moraes,br BRA,GK,31,30,2700.0,0.0,0.0,0.0,4.0,0.0,0.0,0.0,0.0,2012
1,Eduardo Salvio,ar ARG,FWMF,22,29,2449.0,10.0,7.0,0.0,0.0,0.0,0.37,0.26,0.62,2012
2,Maxi Pereira,uy URU,DF,28,28,2514.0,3.0,4.0,0.0,8.0,0.0,0.11,0.14,0.25,2012
3,Ezequiel Garay,ar ARG,DF,25,27,2430.0,1.0,0.0,0.0,2.0,0.0,0.04,0.0,0.04,2012
4,Nemanja Matić,rs SRB,MF,23,26,2244.0,3.0,0.0,0.0,8.0,1.0,0.12,0.0,0.12,2012
5,Enzo Pérez,ar ARG,MF,26,28,2007.0,4.0,5.0,0.0,5.0,1.0,0.18,0.22,0.4,2012
6,Lima,br BRA,FW,29,27,2139.0,20.0,5.0,3.0,1.0,0.0,0.84,0.21,1.05,2012
7,Lorenzo Melgarejo,py PAR,DFFW,21,21,1870.0,2.0,3.0,0.0,4.0,1.0,0.1,0.14,0.24,2012
8,Óscar Cardozo,py PAR,FW,29,25,1738.0,17.0,4.0,8.0,5.0,1.0,0.88,0.21,1.09,2012
9,Luisão,br BRA,DF,31,18,1619.0,1.0,2.0,0.0,3.0,0.0,0.06,0.11,0.17,2012
10,Jardel,br BRA,DF,26,16,1351.0,0.0,0.0,0.0,0.0,0.0,0.0,0.0,0.0,2012
11,Ola John,nl NED,FWMF,20,22,1259.0,0.0,5.0,0.0,0.0,0.0,0.0,0.36,0.36,2012
12,Rodrigo,es ESP,FWMF,21,20,1049.0,7.0,1.0,0.0,3.0,0.0,0.6,0.09,0.69,2012
13,Nicolás Gaitán,ar ARG,MF,24,23,1174.0,3.0,8.0,0.0,3.0,0.0,0.23,0.61,0.84,2012
14,André Almeida,pt POR,DFMF,21,14,667.0,0.0,0.0,0.0,2.0,0.0,0.0,0.0,0.0,2012
15,Luisinho,pt POR,DF,27,5,450.0,1.0,0.0,0.0,1.0,0.0,0.2,0.0,0.2,2012
16,André Gomes,pt POR,MF,19,7,364.0,1.0,0.0,0.0,2.0,1.0,0.25,0.0,0.25,2012
17,Carlos Martins,pt POR,MF,30,13,420.0,0.0,0.0,0.0,1.0,1.0,0.0,0.0,0.0,2012
18,Axel Witsel,be BEL,DFMF,23,3,270.0,0.0,0.0,0.0,0.0,0.0,0.0,0.0,0.0,2012
19,Bruno César,br BRA,FWMF,23,6,223.0,0.0,0.0,0.0,2.0,0.0,0.0,0.0,0.0,2012
20,Javi García,es ESP,DFMF,25,2,146.0,0.0,0.0,0.0,0.0,0.0,0.0,0.0,0.0,2012
21,Nolito,es ESP,FWMF,25,6,188.0,1.0,0.0,0.0,0.0,0.0,0.48,0.0,0.48,2012
22,Jonathan Urretaviscaya,uy URU,FWMF,22,4,89.0,1.0,0.0,0.0,0.0,0.0,1.01,0.0,1.01,2012
23,Pablo Aimar,ar ARG,MF,32,13,225.0,0.0,3.0,0.0,0.0,0.0,0.0,1.2,1.2,2012
24,Alan Kardec,br BRA,FW,23,3,32.0,0.0,0.0,0.0,0.0,0.0,0.0,0.0,0.0,2012
25,Roderick Miranda,pt POR,DF,21,2,26.0,0.0,0.0,0.0,0.0,0.0,0.0,0.0,0.0,2012
26,Miguel Vítor,il ISR,DF,23,1,9.0,0.0,0.0,0.0,0.0,0.0,0.0,0.0,0.0,2012
0,Luisão,br BRA,DF,32,28,2512.0,1.0,0.0,0.0,3.0,0.0,0.04,0.0,0.04,2013
1,Ezequiel Garay,ar ARG,DF,26,27,2423.0,6.0,0.0,0.0,3.0,0.0,0.22,0.0,0.22,2013
2,Enzo Pérez,ar ARG,MF,27,28,2359.0,4.0,4.0,1.0,7.0,0.0,0.15,0.15,0.31,2013
3,Lima,br BRA,FW,30,28,2343.0,14.0,5.0,3.0,1.0,0.0,0.54,0.19,0.73,2013
4,Maxi Pereira,uy URU,DF,29,25,2164.0,0.0,3.0,0.0,8.0,1.0,0.0,0.12,0.12,2013
5,Nicolás Gaitán,ar ARG,MF,25,26,2064.0,4.0,6.0,0.0,7.0,0.0,0.17,0.26,0.44,2013
6,Rodrigo,es ESP,FWMF,22,26,1786.0,11.0,6.0,0.0,2.0,0.0,0.55,0.3,0.86,2013
7,Lazar Marković,rs SRB,FWMF,19,26,1659.0,5.0,5.0,0.0,2.0,0.0,0.27,0.27,0.54,2013
8,Guilherme Siqueira,br BRA,DFMF,27,18,1415.0,1.0,1.0,0.0,6.0,1.0,0.06,0.06,0.13,2013
9,Jan Oblak,si SVN,GK,20,16,1351.0,0.0,0.0,0.0,1.0,0.0,0.0,0.0,0.0,2013
10,Ljubomir Fejsa,rs SRB,MF,24,16,1346.0,0.0,0.0,0.0,6.0,0.0,0.0,0.0,0.0,2013
11,Nemanja Matić,rs SRB,MF,24,14,1231.0,2.0,0.0,0.0,6.0,0.0,0.15,0.0,0.15,2013
12,Artur Moraes,br BRA,GK,32,14,1169.0,0.0,0.0,0.0,2.0,0.0,0.0,0.0,0.0,2013
13,André Almeida,pt POR,DFMF,22,10,743.0,0.0,0.0,0.0,3.0,0.0,0.0,0.0,0.0,2013
14,Sílvio,pt POR,DF,25,8,649.0,0.0,1.0,0.0,0.0,0.0,0.0,0.14,0.14,2013
15,Óscar Cardozo,py PAR,FW,30,15,686.0,7.0,2.0,2.0,0.0,0.0,0.92,0.26,1.18,2013
16,Bruno Cortez,br BRA,DF,26,6,495.0,0.0,0.0,0.0,0.0,0.0,0.0,0.0,0.0,2013
17,Eduardo Salvio,ar ARG,FWMF,23,12,480.0,0.0,1.0,0.0,0.0,0.0,0.0,0.19,0.19,2013
18,Filip Đuričić,rs SRB,FWMF,21,11,354.0,0.0,1.0,0.0,1.0,0.0,0.0,0.25,0.25,2013
19,Rúben Amorim,pt POR,MF,28,17,466.0,0.0,2.0,0.0,3.0,0.0,0.0,0.39,0.39,2013
20,Jardel,br BRA,DF,27,6,375.0,0.0,0.0,0.0,2.0,0.0,0.0,0.0,0.0,2013
21,Ivan Cavaleiro,pt POR,FWMF,19,8,294.0,0.0,1.0,0.0,0.0,0.0,0.0,0.31,0.31,2013
22,André Gomes,pt POR,MF,20,7,275.0,1.0,0.0,0.0,0.0,0.0,0.33,0.0,0.33,2013
23,Miralem Sulejmani,rs SRB,FWMF,24,11,370.0,1.0,1.0,0.0,0.0,0.0,0.24,0.24,0.49,2013
24,Paulo Lopes,pt POR,GK,35,2,180.0,0.0,0.0,0.0,0.0,0.0,0.0,0.0,0.0,2013
25,Rogelio Funes Mori,mx MEX,FW,22,2,120.0,0.0,0.0,0.0,1.0,0.0,0.0,0.0,0.0,2013
26,Steven Vitória,ca CAN,DF,26,1,90.0,0.0,0.0,0.0,0.0,0.0,0.0,0.0,0.0,2013
27,João Cancelo,pt POR,DFMF,19,1,64.0,0.0,0.0,0.0,0.0,0.0,0.0,0.0,0.0,2013
28,Ola John,nl NED,FWMF,21,5,166.0,0.0,0.0,0.0,0.0,0.0,0.0,0.0,0.0,2013
29,Victor Lindelöf,se SWE,DF,19,1,26.0,0.0,0.0,0.0,0.0,0.0,0.0,0.0,0.0,2013
30,Bernardo Silva,pt POR,FWMF,18,1,11.0,0.0,0.0,0.0,0.0,0.0,0.0,0.0,0.0,2013
0,Maxi Pereira,uy URU,DF,30,32,2872.0,5.0,7.0,0.0,11.0,0.0,0.16,0.22,0.38,2014
1,Lima,br BRA,FW,31,34,2789.0,19.0,6.0,3.0,0.0,0.0,0.61,0.19,0.81,2014
2,Jardel,br BRA,DF,28,31,2790.0,4.0,0.0,0.0,3.0,0.0,0.13,0.0,0.13,2014
3,Luisão,br BRA,DF,33,30,2680.0,4.0,1.0,0.0,1.0,1.0,0.13,0.03,0.17,2014
4,Eduardo Salvio,ar ARG,FWMF,24,29,2452.0,9.0,8.0,0.0,4.0,0.0,0.33,0.29,0.62,2014
5,Andreas Samaris,gr GRE,MF,25,28,2155.0,0.0,2.0,0.0,12.0,0.0,0.0,0.08,0.08,2014
6,Eliseu,pt POR,DFMF,30,26,2283.0,4.0,1.0,0.0,7.0,0.0,0.16,0.04,0.2,2014
7,Nicolás Gaitán,ar ARG,MF,26,27,2136.0,4.0,12.0,0.0,6.0,0.0,0.17,0.51,0.67,2014
8,Jonas,br BRA,FW,30,27,2203.0,20.0,3.0,1.0,4.0,0.0,0.82,0.12,0.94,2014
9,Júlio César,br BRA,GK,34,23,2060.0,0.0,0.0,0.0,4.0,0.0,0.0,0.0,0.0,2014
10,Talisca,br BRA,FWMF,20,32,1874.0,9.0,1.0,0.0,7.0,1.0,0.43,0.05,0.48,2014
11,Pizzi,pt POR,FWMF,24,23,1280.0,2.0,7.0,0.0,1.0,0.0,0.14,0.49,0.63,2014
12,André Almeida,pt POR,DFMF,23,20,1213.0,0.0,3.0,0.0,7.0,0.0,0.0,0.22,0.22,2014
13,Artur Moraes,br BRA,GK,33,12,1000.0,0.0,0.0,0.0,0.0,0.0,0.0,0.0,0.0,2014
14,Enzo Pérez,ar ARG,MF,28,11,913.0,1.0,2.0,1.0,5.0,0.0,0.1,0.2,0.3,2014
15,Ola John,nl NED,FWMF,22,25,1009.0,3.0,5.0,0.0,0.0,0.0,0.27,0.45,0.71,2014
16,Lisandro López,ar ARG,DF,24,7,454.0,0.0,0.0,0.0,0.0,0.0,0.0,0.0,0.0,2014
17,Rúben Amorim,pt POR,MF,29,10,213.0,0.0,0.0,0.0,1.0,0.0,0.0,0.0,0.0,2014
18,César,br BRA,DF,21,3,195.0,0.0,0.0,0.0,2.0,0.0,0.0,0.0,0.0,2014
19,Miralem Sulejmani,rs SRB,FWMF,25,4,135.0,0.0,1.0,0.0,0.0,0.0,0.0,0.67,0.67,2014
20,Derley,br BRA,FW,26,16,302.0,1.0,2.0,0.0,0.0,0.0,0.3,0.6,0.89,2014
21,Ljubomir Fejsa,rs SRB,MF,25,5,191.0,1.0,0.0,0.0,2.0,0.0,0.47,0.0,0.47,2014
22,Bryan Cristante,it ITA,DFMF,19,5,133.0,0.0,0.0,0.0,0.0,0.0,0.0,0.0,0.0,2014
23,Franco Jara,ar ARG,FW,26,2,106.0,0.0,0.0,0.0,1.0,0.0,0.0,0.0,0.0,2014
24,Loris Benito,ch SUI,DF,22,2,97.0,0.0,0.0,0.0,0.0,0.0,0.0,0.0,0.0,2014
25,Gonçalo Guedes,pt POR,FWMF,17,5,40.0,0.0,1.0,0.0,1.0,0.0,0.0,2.25,2.25,2014
26,Sílvio,pt POR,DF,26,1,31.0,0.0,1.0,0.0,0.0,0.0,0.0,2.9,2.9,2014
27,Bebé,cv CPV,FWMF,24,1,26.0,0.0,0.0,0.0,0.0,0.0,0.0,0.0,0.0,2014
28,Hany Mukhtar,de GER,FWMF,19,1,16.0,0.0,0.0,0.0,0.0,0.0,0.0,0.0,0.0,2014
29,Jonathan Rodríguez,uy URU,FWMF,21,1,6.0,0.0,0.0,0.0,0.0,0.0,0.0,0.0,0.0,2014
0,Jonas,br BRA,FW,31,34,2837.0,32.0,12.0,7.0,4.0,0.0,1.02,0.38,1.4,2015
1,Eliseu,pt POR,DF,31,31,2657.0,0.0,1.0,0.0,9.0,0.0,0.0,0.03,0.03,2015
2,Jardel,br BRA,DF,29,30,2687.0,3.0,4.0,0.0,8.0,0.0,0.1,0.13,0.23,2015
3,Pizzi,pt POR,MF,25,31,2271.0,8.0,7.0,0.0,3.0,0.0,0.32,0.28,0.59,2015
4,Kostas Mitroglou,gr GRE,FW,27,32,2193.0,20.0,3.0,1.0,5.0,0.0,0.82,0.12,0.94,2015
5,André Almeida,pt POR,DFMF,24,26,2265.0,0.0,5.0,0.0,5.0,1.0,0.0,0.2,0.2,2015
6,Júlio César,br BRA,GK,35,24,2160.0,0.0,0.0,0.0,1.0,0.0,0.0,0.0,0.0,2015
7,Nicolás Gaitán,ar ARG,MF,27,25,2037.0,4.0,14.0,0.0,2.0,0.0,0.18,0.62,0.8,2015
8,Renato Sanches,pt POR,MF,17,24,1904.0,2.0,1.0,0.0,6.0,1.0,0.09,0.05,0.14,2015
9,Andreas Samaris,gr GRE,MF,26,27,1726.0,2.0,1.0,0.0,7.0,0.0,0.1,0.05,0.16,2015
10,Ljubomir Fejsa,rs SRB,MF,26,19,1302.0,0.0,0.0,0.0,4.0,0.0,0.0,0.0,0.0,2015
11,Victor Lindelöf,se SWE,DF,21,15,1292.0,1.0,0.0,0.0,3.0,0.0,0.07,0.0,0.07,2015
12,Lisandro López,ar ARG,DF,25,14,1228.0,1.0,1.0,0.0,3.0,0.0,0.07,0.07,0.15,2015
13,Gonçalo Guedes,pt POR,MF,18,18,920.0,3.0,4.0,0.0,0.0,0.0,0.29,0.39,0.68,2015
14,Nélson Semedo,pt POR,DF,21,12,909.0,1.0,0.0,0.0,2.0,0.0,0.1,0.0,0.1,2015
15,Ederson,br BRA,GK,21,10,890.0,0.0,0.0,0.0,1.0,0.0,0.0,0.0,0.0,2015
16,Luisão,br BRA,DF,34,9,810.0,0.0,0.0,0.0,3.0,0.0,0.0,0.0,0.0,2015
17,Raúl Jiménez,mx MEX,FW,24,28,919.0,5.0,1.0,0.0,2.0,0.0,0.49,0.1,0.59,2015
18,Mehdi Carcela,ma MAR,MF,26,20,822.0,2.0,3.0,0.0,1.0,0.0,0.22,0.33,0.55,2015
19,Talisca,br BRA,MF,21,21,739.0,3.0,0.0,0.0,2.0,0.0,0.37,0.0,0.37,2015
20,Sílvio,pt POR,DF,27,4,293.0,0.0,0.0,0.0,1.0,0.0,0.0,0.0,0.0,2015
21,Álex Grimaldo,es ESP,DF,19,2,180.0,0.0,0.0,0.0,0.0,0.0,0.0,0.0,0.0,2015
22,Ola John,nl NED,MF,23,2,104.0,0.0,0.0,0.0,0.0,0.0,0.0,0.0,0.0,2015
23,Eduardo Salvio,ar ARG,MF,25,8,218.0,0.0,0.0,0.0,0.0,0.0,0.0,0.0,0.0,2015
24,Victor Andrade,br BRA,MF,19,3,121.0,0.0,0.0,0.0,1.0,0.0,0.0,0.0,0.0,2015
25,Clésio Baúque,mz MOZ,DF,20,1,62.0,0.0,0.0,0.0,0.0,0.0,0.0,0.0,0.0,2015
26,Filip Đuričić,rs SRB,FWMF,23,1,21.0,0.0,0.0,0.0,0.0,0.0,0.0,0.0,0.0,2015
27,Nuno Santos,pt POR,DFFW,20,1,18.0,0.0,0.0,0.0,0.0,0.0,0.0,0.0,0.0,2015
28,Paulo Lopes,pt POR,GK,37,1,10.0,0.0,0.0,0.0,0.0,0.0,0.0,0.0,0.0,2015
29,Bryan Cristante,it ITA,DFMF,20,2,6.0,0.0,0.0,0.0,0.0,0.0,0.0,0.0,0.0,2015
30,Luka Jović,rs SRB,FW,17,1,6.0,0.0,0.0,0.0,0.0,0.0,0.0,0.0,0.0,2015
0,Pizzi,pt POR,MF,26,33,2836.0,10.0,6.0,0.0,5.0,2.0,0.32,0.19,0.51,2016
1,Victor Lindelöf,se SWE,DF,22,32,2880.0,1.0,0.0,0.0,1.0,0.0,0.03,0.0,0.03,2016
2,Nélson Semedo,pt POR,DF,22,31,2780.0,1.0,2.0,0.0,6.0,0.0,0.03,0.06,0.1,2016
3,Luisão,br BRA,DF,35,28,2336.0,0.0,0.0,0.0,4.0,0.0,0.0,0.0,0.0,2016
4,Ederson,br BRA,GK,22,27,2381.0,0.0,0.0,0.0,4.0,1.0,0.0,0.0,0.0,2016
5,Kostas Mitroglou,gr GRE,FW,28,28,2236.0,16.0,3.0,0.0,2.0,0.0,0.64,0.12,0.76,2016
6,Eduardo Salvio,ar ARG,MF,26,29,1990.0,4.0,5.0,0.0,1.0,0.0,0.18,0.23,0.41,2016
7,Ljubomir Fejsa,rs SRB,MF,27,25,2151.0,0.0,0.0,0.0,3.0,0.0,0.0,0.0,0.0,2016
8,Franco Cervi,ar ARG,MF,22,26,1418.0,2.0,2.0,0.0,2.0,0.0,0.13,0.13,0.25,2016
9,Jonas,br BRA,FW,32,19,1331.0,13.0,3.0,5.0,2.0,0.0,0.88,0.2,1.08,2016
10,Álex Grimaldo,es ESP,DF,20,14,1251.0,2.0,2.0,0.0,1.0,0.0,0.14,0.14,0.29,2016
11,Gonçalo Guedes,pt POR,FW,19,16,1190.0,2.0,3.0,0.0,1.0,0.0,0.15,0.23,0.38,2016
12,Rafa Silva,pt POR,MFFW,23,20,1085.0,2.0,1.0,0.0,0.0,0.0,0.17,0.08,0.25,2016
13,Eliseu,pt POR,DF,32,12,994.0,0.0,2.0,0.0,2.0,0.0,0.0,0.18,0.18,2016
14,André Almeida,pt POR,DF,25,14,950.0,1.0,0.0,0.0,1.0,0.0,0.09,0.0,0.09,2016
15,Andrija Živković,rs SRB,MF,20,15,929.0,0.0,3.0,0.0,0.0,0.0,0.0,0.29,0.29,2016
16,Andreas Samaris,gr GRE,MF,27,18,964.0,0.0,0.0,0.0,5.0,0.0,0.0,0.0,0.0,2016
17,Júlio César,br BRA,GK,36,8,664.0,0.0,0.0,0.0,0.0,0.0,0.0,0.0,0.0,2016
18,André Horta,pt POR,MF,19,10,647.0,1.0,1.0,0.0,2.0,0.0,0.14,0.14,0.28,2016
19,Raúl Jiménez,mx MEX,FW,25,19,787.0,7.0,0.0,2.0,3.0,0.0,0.8,0.0,0.8,2016
20,Lisandro López,ar ARG,DF,26,8,679.0,3.0,0.0,0.0,4.0,0.0,0.4,0.0,0.4,2016
21,André Carrillo,pe PER,MF,25,20,537.0,2.0,1.0,0.0,5.0,0.0,0.34,0.17,0.5,2016
22,Filipe Augusto,br BRA,MF,22,9,150.0,0.0,0.0,0.0,1.0,0.0,0.0,0.0,0.0,2016
23,Jardel,br BRA,DF,30,1,90.0,0.0,0.0,0.0,1.0,0.0,0.0,0.0,0.0,2016
24,Branimir Kalaica,hr CRO,DF,18,1,90.0,1.0,0.0,0.0,0.0,0.0,1.0,0.0,1.0,2016
25,Pedro Pereira,pt POR,FW,32,1,90.0,0.0,0.0,0.0,0.0,0.0,0.0,0.0,0.0,2016
26,Marcelo Hermes,br BRA,MF,21,1,45.0,0.0,0.0,0.0,0.0,0.0,0.0,0.0,0.0,2016
27,Guillermo Celis,co COL,MF,23,3,46.0,0.0,0.0,0.0,0.0,0.0,0.0,0.0,0.0,2016
28,Danilo Barbosa,br BRA,MF,20,2,38.0,0.0,0.0,0.0,1.0,0.0,0.0,0.0,0.0,2016
29,José Gomes,pt POR,DFFW,17,3,23.0,0.0,0.0,0.0,0.0,0.0,0.0,0.0,0.0,2016
30,Paulo Lopes,pt POR,GK,38,1,13.0,0.0,0.0,0.0,0.0,0.0,0.0,0.0,0.0,2016
31,Luka Jović,rs SRB,FW,18,1,10.0,0.0,0.0,0.0,0.0,0.0,0.0,0.0,0.0,2016
0,André Almeida,pt POR,DF,26,31,2697.0,2.0,7.0,0.0,7.0,0.0,0.07,0.23,0.3,2017
1,Pizzi,pt POR,MF,27,33,2654.0,6.0,6.0,0.0,5.0,0.0,0.2,0.2,0.41,2017
2,Bruno Varela,pt POR,GK,22,29,2610.0,0.0,0.0,0.0,1.0,0.0,0.0,0.0,0.0,2017
3,Jonas,br BRA,FW,33,30,2449.0,34.0,8.0,8.0,2.0,0.0,1.25,0.29,1.54,2017
4,Franco Cervi,ar ARG,MFFW,23,31,2366.0,3.0,7.0,0.0,1.0,0.0,0.11,0.27,0.38,2017
5,Álex Grimaldo,es ESP,DF,21,28,2431.0,1.0,5.0,0.0,4.0,0.0,0.04,0.19,0.22,2017
6,Ljubomir Fejsa,rs SRB,MF,28,28,2396.0,0.0,0.0,0.0,8.0,0.0,0.0,0.0,0.0,2017
7,Jardel,br BRA,DF,31,26,2264.0,2.0,3.0,0.0,5.0,0.0,0.08,0.12,0.2,2017
8,Rúben Dias,pt POR,DF,20,24,2149.0,3.0,0.0,0.0,4.0,0.0,0.13,0.0,0.13,2017
9,Eduardo Salvio,ar ARG,MFFW,27,26,1596.0,9.0,4.0,0.0,4.0,0.0,0.51,0.23,0.73,2017
10,Andrija Živković,rs SRB,MF,21,21,1546.0,3.0,4.0,0.0,5.0,2.0,0.17,0.23,0.41,2017
11,Luisão,br BRA,DF,36,16,1440.0,1.0,0.0,0.0,5.0,0.0,0.06,0.0,0.06,2017
12,Rafa Silva,pt POR,MFFW,24,20,1216.0,3.0,4.0,0.0,0.0,0.0,0.22,0.3,0.52,2017
13,Filip Krovinović,hr CRO,MF,21,13,856.0,1.0,1.0,0.0,0.0,0.0,0.11,0.11,0.21,2017
14,Haris Seferović,ch SUI,FW,25,20,836.0,4.0,2.0,0.0,1.0,0.0,0.43,0.22,0.65,2017
15,Raúl Jiménez,mx MEX,FW,26,33,1004.0,6.0,5.0,1.0,3.0,0.0,0.54,0.45,0.99,2017
16,Eliseu,pt POR,DF,33,6,521.0,0.0,0.0,0.0,1.0,0.0,0.0,0.0,0.0,2017
17,Filipe Augusto,br BRA,MF,23,8,496.0,0.0,1.0,0.0,1.0,0.0,0.0,0.18,0.18,2017
18,Andreas Samaris,gr GRE,MF,28,18,525.0,1.0,0.0,0.0,0.0,0.0,0.17,0.0,0.17,2017
19,Douglas,br BRA,DF,26,5,344.0,0.0,0.0,0.0,0.0,0.0,0.0,0.0,0.0,2017
20,Diogo Gonçalves,pt POR,MF,20,7,298.0,0.0,1.0,0.0,1.0,0.0,0.0,0.3,0.3,2017
21,Mile Svilar,rs SRB,GK,17,3,270.0,0.0,0.0,0.0,1.0,0.0,0.0,0.0,0.0,2017
22,Lisandro López,ar ARG,DF,27,4,238.0,0.0,0.0,0.0,0.0,0.0,0.0,0.0,0.0,2017
23,Júlio César,br BRA,GK,37,2,180.0,0.0,0.0,0.0,0.0,0.0,0.0,0.0,0.0,2017
24,João Carvalho,pt POR,MF,20,7,172.0,0.0,1.0,0.0,0.0,0.0,0.0,0.52,0.52,2017
25,Keaton Parks,us USA,MF,19,4,62.0,0.0,0.0,0.0,0.0,0.0,0.0,0.0,0.0,2017
26,Martin Chrien,sk SVK,MF,21,1,21.0,0.0,0.0,0.0,0.0,0.0,0.0,0.0,0.0,2017
27,Gabriel Barbosa,br BRA,FWMF,20,1,14.0,0.0,0.0,0.0,0.0,0.0,0.0,0.0,0.0,2017
0,Odisseas Vlachodimos,gr GRE,GK,24,34,3054.0,0.0,0.0,0.0,2.0,1.0,0.0,0.0,0.0,2018
1,Álex Grimaldo,es ESP,DF,22,34,3051.0,4.0,12.0,0.0,3.0,0.0,0.12,0.35,0.47,2018
2,Pizzi,pt POR,MF,28,34,2776.0,13.0,18.0,5.0,4.0,0.0,0.42,0.58,1.01,2018
3,André Almeida,pt POR,DF,27,33,2914.0,2.0,11.0,0.0,6.0,0.0,0.06,0.34,0.4,2018
4,Rúben Dias,pt POR,DF,21,32,2867.0,3.0,1.0,0.0,10.0,0.0,0.09,0.03,0.13,2018
5,Rafa Silva,pt POR,MFFW,25,26,1914.0,17.0,2.0,0.0,6.0,0.0,0.8,0.09,0.89,2018
6,João Félix,pt POR,FW,18,26,1725.0,15.0,7.0,0.0,2.0,0.0,0.78,0.37,1.15,2018
7,Haris Seferović,ch SUI,FW,26,29,1969.0,23.0,5.0,0.0,1.0,0.0,1.05,0.23,1.28,2018
8,Jardel,br BRA,DF,32,19,1604.0,2.0,0.0,0.0,4.0,1.0,0.11,0.0,0.11,2018
9,Ljubomir Fejsa,rs SRB,MF,29,18,1437.0,0.0,0.0,0.0,4.0,0.0,0.0,0.0,0.0,2018
10,Andreas Samaris,gr GRE,MF,29,19,1410.0,2.0,3.0,0.0,3.0,0.0,0.13,0.19,0.32,2018
11,Gabriel,br BRA,MF,24,17,1253.0,0.0,1.0,0.0,4.0,1.0,0.0,0.07,0.07,2018
12,Francisco Reis Ferreira,pt POR,DF,21,13,1143.0,2.0,0.0,0.0,1.0,1.0,0.16,0.0,0.16,2018
13,Franco Cervi,ar ARG,FWMF,24,20,1028.0,4.0,2.0,0.0,4.0,0.0,0.35,0.18,0.53,2018
14,Gedson Fernandes,pt POR,MF,19,22,1050.0,0.0,2.0,0.0,2.0,0.0,0.0,0.17,0.17,2018
15,Jonas,br BRA,FW,34,22,1025.0,11.0,1.0,1.0,5.0,1.0,0.97,0.09,1.05,2018
16,Florentino Luís,pt POR,MF,18,11,842.0,1.0,0.0,0.0,1.0,0.0,0.11,0.0,0.11,2018
17,Eduardo Salvio,ar ARG,FWMF,28,14,656.0,2.0,2.0,0.0,0.0,0.0,0.27,0.27,0.55,2018
18,Andrija Živković,rs SRB,FWMF,22,16,667.0,0.0,3.0,0.0,1.0,0.0,0.0,0.4,0.4,2018
19,Facundo Ferreyra,ar ARG,FW,27,5,284.0,1.0,0.0,0.0,1.0,0.0,0.32,0.0,0.32,2018
20,Germán Conti,ar ARG,DF,24,4,267.0,0.0,0.0,0.0,1.0,1.0,0.0,0.0,0.0,2018
21,Nicolás Castillo,cl CHI,FW,25,4,144.0,0.0,0.0,0.0,0.0,0.0,0.0,0.0,0.0,2018
22,Adel Taarabt,ma MAR,MFFW,29,6,136.0,0.0,0.0,0.0,1.0,0.0,0.0,0.0,0.0,2018
23,Sébastien Corchia,fr FRA,DF,27,2,93.0,0.0,0.0,0.0,0.0,0.0,0.0,0.0,0.0,2018
24,Cristian Lema,ar ARG,DF,27,1,81.0,0.0,0.0,0.0,1.0,1.0,0.0,0.0,0.0,2018
25,Alfa Semedo,gw GNB,MFDF,20,5,102.0,0.0,0.0,0.0,1.0,0.0,0.0,0.0,0.0,2018
26,Filip Krovinović,hr CRO,MFFW,22,4,40.0,0.0,0.0,0.0,0.0,0.0,0.0,0.0,0.0,2018
27,Mile Svilar,rs SRB,GK,18,1,3.0,0.0,0.0,0.0,0.0,0.0,0.0,0.0,0.0,2018
0,Rúben Dias,pt POR,DF,22,33,2970.0,2.0,2.0,0.0,6.0,0.0,0.06,0.06,0.12,2019
1,Odisseas Vlachodimos,gr GRE,GK,25,33,2970.0,0.0,0.0,0.0,3.0,0.0,0.0,0.0,0.0,2019
2,Pizzi,pt POR,MFFW,29,34,2811.0,18.0,14.0,5.0,3.0,0.0,0.58,0.45,1.02,2019
3,Álex Grimaldo,es ESP,DF,23,26,2299.0,0.0,6.0,0.0,1.0,0.0,0.0,0.23,0.23,2019
4,Francisco Reis Ferreira,pt POR,DF,22,26,2317.0,1.0,0.0,0.0,3.0,0.0,0.04,0.0,0.04,2019
5,André Almeida,pt POR,DF,28,23,2003.0,4.0,4.0,0.0,8.0,0.0,0.18,0.18,0.36,2019
6,Carlos Vinícius,br BRA,FW,24,32,1777.0,18.0,5.0,0.0,2.0,0.0,0.91,0.25,1.16,2019
7,Adel Taarabt,ma MAR,MF,30,24,1672.0,1.0,1.0,0.0,8.0,1.0,0.05,0.05,0.11,2019
8,Gabriel,br BRA,MF,25,22,1628.0,2.0,2.0,0.0,9.0,1.0,0.11,0.11,0.22,2019
9,Franco Cervi,ar ARG,MFFW,25,23,1603.0,2.0,1.0,0.0,4.0,0.0,0.11,0.06,0.17,2019
10,Rafa Silva,pt POR,MFFW,26,25,1699.0,7.0,5.0,0.0,3.0,0.0,0.37,0.26,0.64,2019
11,Chiquinho,pt POR,FWMF,24,25,1512.0,2.0,4.0,0.0,2.0,0.0,0.12,0.24,0.36,2019
12,Julian Weigl,de GER,MF,23,18,1372.0,1.0,0.0,0.0,5.0,0.0,0.07,0.0,0.07,2019
13,Haris Seferović,ch SUI,FW,27,30,1435.0,5.0,2.0,0.0,2.0,0.0,0.31,0.13,0.44,2019
14,Nuno Tavares,pt POR,DF,19,11,927.0,1.0,4.0,0.0,2.0,0.0,0.1,0.39,0.49,2019
15,Jardel,br BRA,DF,33,10,833.0,0.0,0.0,0.0,1.0,0.0,0.0,0.0,0.0,2019
16,Tomás Tavares,pt POR,DF,18,12,877.0,0.0,0.0,0.0,3.0,0.0,0.0,0.0,0.0,2019
17,Florentino Luís,pt POR,MF,19,10,746.0,0.0,0.0,0.0,1.0,0.0,0.0,0.0,0.0,2019
18,Andreas Samaris,gr GRE,MF,30,16,666.0,0.0,0.0,0.0,3.0,0.0,0.0,0.0,0.0,2019
19,Raúl de Tomás,es ESP,FW,24,7,463.0,0.0,0.0,0.0,0.0,0.0,0.0,0.0,0.0,2019
20,Ljubomir Fejsa,rs SRB,MF,30,3,200.0,0.0,0.0,0.0,1.0,0.0,0.0,0.0,0.0,2019
21,Gedson Fernandes,pt POR,MFFW,20,7,218.0,0.0,0.0,0.0,0.0,0.0,0.0,0.0,0.0,2019
22,Dyego Sousa,pt POR,FWMF,29,11,211.0,0.0,1.0,0.0,0.0,0.0,0.0,0.43,0.43,2019
23,Jota,pt POR,MFFW,20,19,189.0,0.0,1.0,0.0,1.0,0.0,0.0,0.48,0.48,2019
24,Mile Svilar,rs SRB,GK,19,1,90.0,0.0,0.0,0.0,0.0,0.0,0.0,0.0,0.0,2019
25,Andrija Živković,rs SRB,MF,23,3,66.0,0.0,0.0,0.0,0.0,0.0,0.0,0.0,0.0,2019
26,Caio Lucas Fernandes,br BRA,MF,25,4,58.0,1.0,0.0,0.0,0.0,0.0,1.55,0.0,1.55,2019
27,Gonçalo Ramos,pt POR,MF,18,1,6.0,2.0,0.0,0.0,0.0,0.0,30.0,0.0,30.0,2019
0,Álex Grimaldo,es ESP,DFMF,24,31,2468.0,2.0,9.0,0.0,4.0,0.0,0.07,0.33,0.4,2020
1,Nicolás Otamendi,ar ARG,DF,32,27,2430.0,1.0,0.0,0.0,13.0,0.0,0.04,0.0,0.04,2020
2,Rafa Silva,pt POR,MFFW,27,29,2176.0,5.0,5.0,0.0,3.0,0.0,0.21,0.21,0.41,2020
3,Jan Vertonghen,be BEL,DF,33,28,2407.0,0.0,0.0,0.0,2.0,0.0,0.0,0.0,0.0,2020
4,Haris Seferović,ch SUI,FW,28,31,2264.0,22.0,7.0,1.0,2.0,0.0,0.87,0.28,1.15,2020
5,Everton Soares,br BRA,MFFW,24,32,1964.0,7.0,8.0,0.0,2.0,0.0,0.32,0.37,0.69,2020
6,Julian Weigl,de GER,MF,24,28,2030.0,0.0,0.0,0.0,10.0,0.0,0.0,0.0,0.0,2020
7,Pizzi,pt POR,MFFW,30,32,1850.0,6.0,4.0,0.0,6.0,0.0,0.29,0.19,0.49,2020
8,Darwin Núñez,uy URU,FW,21,29,1791.0,6.0,9.0,0.0,2.0,0.0,0.3,0.45,0.75,2020
9,Adel Taarabt,ma MAR,MF,31,26,1639.0,0.0,3.0,0.0,4.0,0.0,0.0,0.16,0.16,2020
10,Odisseas Vlachodimos,gr GRE,GK,26,18,1620.0,0.0,0.0,0.0,0.0,0.0,0.0,0.0,0.0,2020
11,Luca Waldschmidt,de GER,FWMF,24,27,1394.0,7.0,2.0,1.0,2.0,0.0,0.45,0.13,0.58,2020
12,Gilberto,br BRA,DF,27,25,1486.0,0.0,1.0,0.0,5.0,0.0,0.0,0.06,0.06,2020
13,Helton Leite,br BRA,GK,29,15,1350.0,0.0,0.0,0.0,1.0,0.0,0.0,0.0,0.0,2020
14,Lucas Veríssimo,br BRA,DF,25,14,1133.0,2.0,0.0,0.0,4.0,0.0,0.16,0.0,0.16,2020
15,Diogo Gonçalves,pt POR,DFMF,23,21,1182.0,1.0,5.0,0.0,5.0,0.0,0.08,0.38,0.46,2020
16,Gabriel,br BRA,MF,26,20,1034.0,1.0,2.0,0.0,7.0,0.0,0.09,0.17,0.26,2020
17,Nuno Tavares,pt POR,DF,20,14,633.0,0.0,0.0,0.0,3.0,0.0,0.0,0.0,0.0,2020
18,Franco Cervi,ar ARG,MFDF,26,14,466.0,0.0,0.0,0.0,0.0,0.0,0.0,0.0,0.0,2020
19,Jardel,br BRA,DF,34,8,377.0,0.0,0.0,0.0,1.0,0.0,0.0,0.0,0.0,2020
20,Pedrinho,br BRA,MFFW,22,19,474.0,0.0,0.0,0.0,0.0,0.0,0.0,0.0,0.0,2020
21,André Almeida,pt POR,DF,29,4,283.0,0.0,1.0,0.0,2.0,0.0,0.0,0.32,0.32,2020
22,Chiquinho,pt POR,MF,25,18,356.0,2.0,0.0,0.0,3.0,0.0,0.51,0.0,0.51,2020
23,Francisco Reis Ferreira,pt POR,DF,23,4,198.0,0.0,0.0,0.0,1.0,0.0,0.0,0.0,0.0,2020
24,Rúben Dias,pt POR,DF,23,2,180.0,1.0,0.0,0.0,1.0,0.0,0.5,0.0,0.5,2020
25,Morato,br BRA,DF,19,2,91.0,0.0,0.0,0.0,0.0,0.0,0.0,0.0,0.0,2020
26,João Ferreira,pt POR,DF,19,1,90.0,0.0,0.0,0.0,0.0,0.0,0.0,0.0,0.0,2020
27,Mile Svilar,rs SRB,GK,20,1,90.0,0.0,0.0,0.0,0.0,0.0,0.0,0.0,0.0,2020
28,Andreas Samaris,gr GRE,MFFW,31,6,81.0,0.0,0.0,0.0,0.0,0.0,0.0,0.0,0.0,2020
29,Gonçalo Ramos,pt POR,FWMF,19,4,97.0,2.0,0.0,0.0,0.0,0.0,1.86,0.0,1.86,2020
30,Carlos Vinícius,br BRA,FW,25,1,19.0,0.0,0.0,0.0,0.0,0.0,0.0,0.0,0.0,2020
31,Facundo Ferreyra,ar ARG,FW,29,1,7.0,0.0,0.0,0.0,0.0,0.0,0.0,0.0,0.0,2020
0,Odisseas Vlachodimos,gr GRE,GK,27,32,2880.0,0.0,0.0,0.0,1.0,0.0,0.0,0.0,0.0,2021
1,Jan Vertonghen,be BEL,DF,34,28,2480.0,0.0,2.0,0.0,6.0,0.0,0.0,0.07,0.07,2021
2,Nicolás Otamendi,ar ARG,DF,33,28,2470.0,0.0,1.0,0.0,7.0,0.0,0.0,0.04,0.04,2021
3,Julian Weigl,de GER,MF,25,29,2413.0,2.0,3.0,0.0,9.0,0.0,0.07,0.11,0.19,2021
4,Álex Grimaldo,es ESP,DFMF,25,29,2323.0,5.0,5.0,0.0,4.0,0.0,0.19,0.19,0.39,2021
5,Darwin Núñez,uy URU,FWMF,22,28,1976.0,26.0,4.0,4.0,6.0,0.0,1.18,0.18,1.37,2021
6,Rafa Silva,pt POR,MFFW,28,28,2036.0,8.0,14.0,0.0,4.0,0.0,0.35,0.62,0.97,2021
7,João Mário,pt POR,MF,28,28,1734.0,3.0,3.0,0.0,2.0,0.0,0.16,0.16,0.31,2021
8,Everton Soares,br BRA,MFFW,25,27,1602.0,3.0,5.0,0.0,5.0,0.0,0.17,0.28,0.45,2021
9,Gonçalo Ramos,pt POR,FWMF,20,29,1609.0,7.0,1.0,0.0,4.0,0.0,0.39,0.06,0.45,2021
10,Gilberto,br BRA,DFMF,28,21,1348.0,2.0,3.0,0.0,5.0,0.0,0.13,0.2,0.33,2021
11,Roman Yaremchuk,ua UKR,FW,25,23,1068.0,6.0,3.0,0.0,2.0,0.0,0.51,0.25,0.76,2021
12,Valentino Lazaro,at AUT,DFMF,25,18,1028.0,0.0,1.0,0.0,2.0,0.0,0.0,0.09,0.09,2021
13,Morato,br BRA,DF,20,14,1012.0,0.0,0.0,0.0,1.0,0.0,0.0,0.0,0.0,2021
14,Soualiho Meïté,fr FRA,MF,27,17,885.0,0.0,0.0,0.0,1.0,0.0,0.0,0.0,0.0,2021
15,Diogo Gonçalves,pt POR,MFFW,24,23,862.0,0.0,1.0,0.0,5.0,1.0,0.0,0.1,0.1,2021
16,Lucas Veríssimo,br BRA,DF,26,10,837.0,3.0,1.0,0.0,3.0,0.0,0.32,0.11,0.43,2021
17,Adel Taarabt,ma MAR,MF,32,23,864.0,1.0,4.0,0.0,3.0,1.0,0.1,0.42,0.52,2021
18,André Almeida,pt POR,DF,30,15,805.0,0.0,0.0,0.0,3.0,1.0,0.0,0.0,0.0,2021
19,Paulo Bernardo,pt POR,MF,19,17,779.0,0.0,0.0,0.0,3.0,0.0,0.0,0.0,0.0,2021
20,Gil Bastião Dias,pt POR,DFFW,24,12,653.0,1.0,1.0,0.0,1.0,0.0,0.14,0.14,0.28,2021
21,Haris Seferović,ch SUI,FW,29,10,393.0,3.0,2.0,1.0,0.0,0.0,0.69,0.46,1.15,2021
22,Pizzi,pt POR,MFFW,31,14,323.0,1.0,3.0,0.0,2.0,0.0,0.28,0.84,1.11,2021
23,Helton Leite,br BRA,GK,30,2,180.0,0.0,0.0,0.0,0.0,0.0,0.0,0.0,0.0,2021
24,Sandro Cruz,pt POR,DF,20,2,161.0,0.0,0.0,0.0,0.0,0.0,0.0,0.0,0.0,2021
25,Luca Waldschmidt,de GER,FWMF,25,2,140.0,2.0,0.0,0.0,0.0,0.0,1.29,0.0,1.29,2021
26,Nemanja Radonjić,rs SRB,DFMF,25,6,138.0,0.0,0.0,0.0,2.0,0.0,0.0,0.0,0.0,2021
27,Henrique Araújo,pt POR,FW,19,4,122.0,3.0,0.0,0.0,0.0,0.0,2.21,0.0,2.21,2021
28,Tomás Araújo,pt POR,DF,19,3,96.0,0.0,0.0,0.0,0.0,0.0,0.0,0.0,0.0,2021
29,Tiago Gouveia,pt POR,FWMF,20,2,86.0,0.0,1.0,0.0,0.0,0.0,0.0,1.05,1.05,2021
30,Rodrigo Pinho,br BRA,FW,30,3,84.0,1.0,0.0,0.0,0.0,0.0,1.07,0.0,1.07,2021
31,Gedson Fernandes,pt POR,MF,22,3,50.0,0.0,0.0,0.0,0.0,0.0,0.0,0.0,0.0,2021
32,Diego Moreira,pt POR,FW,16,1,23.0,0.0,0.0,0.0,0.0,0.0,0.0,0.0,0.0,2021
33,Martim Carvalho,pt POR,MF,18,1,22.0,0.0,0.0,0.0,0.0,0.0,0.0,0.0,0.0,2021
34,Carlos Vinícius,br BRA,FW,26,1,7.0,0.0,0.0,0.0,0.0,0.0,0.0,0.0,0.0,2021
0,Odisseas Vlachodimos,gr GRE,GK,28,34,3060.0,0.0,0.0,0.0,1.0,0.0,0.0,0.0,0.0,2022
1,Álex Grimaldo,es ESP,DF,27,33,2946.0,4.0,11.0,0.0,3.0,0.0,0.12,0.34,0.46,2022
2,Nicolás Otamendi,ar ARG,DF,35,32,2846.0,0.0,1.0,0.0,12.0,1.0,0.0,0.03,0.03,2022
3,António Silva,pt POR,DF,19,31,2776.0,4.0,0.0,0.0,3.0,0.0,0.13,0.0,0.13,2022
4,João Mário,pt POR,FW,30,33,2694.0,23.0,8.0,12.0,7.0,1.0,0.77,0.27,1.04,2022
5,Florentino Luís,pt POR,MF,23,34,2544.0,0.0,3.0,0.0,6.0,0.0,0.0,0.11,0.11,2022
6,Alexander Bah,dk DEN,DF,25,32,2391.0,1.0,5.0,0.0,2.0,0.0,0.04,0.19,0.23,2022
7,Gonçalo Ramos,pt POR,FW,21,30,2236.0,20.0,3.0,0.0,6.0,1.0,0.81,0.12,0.93,2022
8,Rafa Silva,pt POR,MFFW,29,28,2157.0,11.0,4.0,0.0,6.0,0.0,0.46,0.17,0.63,2022
9,Fredrik Aursnes,no NOR,FWMF,27,28,1876.0,1.0,2.0,0.0,5.0,0.0,0.05,0.1,0.14,2022
10,Enzo Fernández,ar ARG,MF,22,22,1809.0,1.0,6.0,0.0,6.0,0.0,0.05,0.3,0.35,2022
11,David Neres,br BRA,FWMF,26,30,1802.0,9.0,6.0,0.0,3.0,0.0,0.45,0.3,0.75,2022
12,Chiquinho,pt POR,MFFW,27,24,1111.0,0.0,1.0,0.0,0.0,0.0,0.0,0.08,0.08,2022
13,Gilberto,br BRA,DF,30,19,664.0,2.0,1.0,0.0,2.0,0.0,0.27,0.14,0.41,2022
14,Petar Musa,hr CRO,FW,25,26,663.0,6.0,2.0,0.0,1.0,0.0,0.81,0.27,1.09,2022
15,Morato,br BRA,DF,21,7,483.0,1.0,0.0,0.0,1.0,0.0,0.19,0.0,0.19,2022
16,Julian Draxler,de GER,MF,29,13,439.0,1.0,0.0,0.0,0.0,0.0,0.21,0.0,0.21,2022
17,Diogo Gonçalves,pt POR,FWMF,26,14,342.0,0.0,0.0,0.0,0.0,0.0,0.0,0.0,0.0,2022
18,Gonçalo Guedes,pt POR,FW,26,7,340.0,1.0,1.0,0.0,1.0,0.0,0.26,0.26,0.53,2022
19,Mihailo Ristić,rs SRB,DFMF,27,6,112.0,1.0,1.0,0.0,0.0,0.0,0.8,0.8,1.61,2022
20,João Neves,pt POR,FW,18,12,80.0,0.0,1.0,0.0,0.0,0.0,0.0,1.13,1.13,2022
21,Henrique Araújo,pt POR,FW,21,6,80.0,1.0,0.0,0.0,0.0,0.0,1.13,0.0,1.13,2022
22,Rodrigo Pinho,br BRA,FW,31,4,61.0,0.0,0.0,0.0,0.0,0.0,0.0,0.0,0.0,2022
23,Julian Weigl,de GER,MF,27,2,58.0,0.0,0.0,0.0,1.0,0.0,0.0,0.0,0.0,2022
24,Roman Yaremchuk,ua UKR,FW,27,2,50.0,0.0,0.0,0.0,0.0,0.0,0.0,0.0,0.0,2022
25,Lucas Veríssimo,br BRA,DF,27,4,17.0,0.0,0.0,0.0,0.0,0.0,0.0,0.0,0.0,2022
26,Casper Tengstedt,dk DEN,FW,22,2,12.0,0.0,0.0,0.0,0.0,0.0,0.0,0.0,0.0,2022
27,John Brooks,us USA,DF,30,2,4.0,0.0,0.0,0.0,0.0,0.0,0.0,0.0,0.0,2022
28,Jan Vertonghen,be BEL,DF,35,1,2.0,0.0,0.0,0.0,0.0,0.0,0.0,0.0,0.0,2022
29,Andreas Schjelderup,no NOR,FW,18,1,1.0,0.0,0.0,0.0,0.0,0.0,0.0,0.0,0.0,2022
30,Cher Ndour,it ITA,MF,18,1,1.0,0.0,0.0,0.0,0.0,0.0,0.0,0.0,0.0,2022
